{"0": {"key_pressed": "tab", "dur_pressed": 102, "posx": -0.015999343246221542, "posy": -0.011973084881901741, "posz": 0.005066189914941788}, "1": {"key_pressed": "z", "dur_pressed": 1}, "2": {"key_pressed": "down", "dur_pressed": 223, "posx": 0.0033135414123535156, "posy": 0.03763607144355774, "posz": 0.4593096375465393}, "3": {"key_pressed": "z", "dur_pressed": 1}, "4": {"key_pressed": "s", "dur_pressed": 670, "posx": 0.02917313575744629, "posy": 0.041803330183029175, "posz": 0.26032739877700806}, "5": {"key_pressed": "z", "dur_pressed": 1}, "6": {"key_pressed": "right", "dur_pressed": 416, "posx": 0.29250049591064453, "posy": 0.05780252814292908, "posz": 0.28682583570480347}, "7": {"key_pressed": "z", "dur_pressed": 1}, "8": {"key_pressed": "left", "dur_pressed": 446, "posx": 0.23266983032226562, "posy": 0.041693851351737976, "posz": 0.30130791664123535}, "9": {"key_pressed": "z", "dur_pressed": 1}, "10": {"key_pressed": "d", "dur_pressed": 2448, "posx": 0.08906364440917969, "posy": -0.6462927162647247, "posz": 0.31594640016555786}, "11": {"key_pressed": "z", "dur_pressed": 1}, "12": {"key_pressed": "down", "dur_pressed": 711, "posx": 0.031249284744262695, "posy": -1.145594745874405, "posz": 0.17554020881652832}, "13": {"key_pressed": "z", "dur_pressed": 1}, "14": {"key_pressed": "backspace", "dur_pressed": 71, "posx": 0.03580212593078613, "posy": -1.14101043343544, "posz": -0.07111895084381104}, "15": {"key_pressed": "z", "dur_pressed": 1}}